filename,id,sheet,extent,creator,title,county,state,Volume,sheet number,titledate,date,pubLocation,publisher,description,scale,subjectGeographic,subjectTopic,note,funder,rights,catalogRecord,holdingInst,collection,url,thumbnail
den90un1.tif,80967657,v.1 keymap,43,Sanborn-Perris Map Co,Denver,Denver Co., Colorado, v.1 keymap,sh. 1,1890Insurance maps of Denver,1890,New York,"Sanborn-Perris Map Co., 1890","1 map on 43 sheets : col. ; sheets 68 x 92 cm., folded in half and bound",Scale [ca. 1:600] 50 ft. to an inch,Denver,Fire insurance,"Shows building construction by hand coloring, locations of windows and doors, and available water facilities.Shows factories, commercial and religious occupancy of buildings, dwellings with property boundaries and house and block numbers.Sheets are numbered 1-41; title page, key map, and index to sheets are on two unnumbered sheets.1890.Includes notes on population, water facilities, fire department, and prevailing winds.Microfilm edition known as: Sanborn fire insurance maps. Colorado.",This project was funded in part through a Library Services and Technology Act (LSTA) grant administered by the Colorado State Library and in part by the Friends of the Libraries,https://rightsstatements.org/page/NoC-NC/1.0/?language=en,http://libraries.colorado.edu/search/o?SEARCH=72485522,"Map Library, University Libraries, University of Colorado at Boulder",Discovering Colorado Story by Story: The Sanborn Fire Insurance Maps Collection,https://cudl.colorado.edu//luna/servlet/detail/UCBOULDERCB1~21~21~134537~108780,https://cudl.colorado.edu/MediaManager/srvr?mediafile=/Size0/UCBOULDERCB1-21-NA/1307/den90un1.jpg
den90008.tif,80967657,"v.1, sh. 8",43,Sanborn-Perris Map Co,Denver,Denver Co., Colorado, v.1,sh. 8,1890Insurance maps of Denver,1890,New York,"Sanborn-Perris Map Co., 1890","1 map on 43 sheets : col. ; sheets 68 x 92 cm., folded in half and bound",Scale [ca. 1:600] 50 ft. to an inch,Denver,Fire insurance,"Shows building construction by hand coloring, locations of windows and doors, and available water facilities.Shows factories, commercial and religious occupancy of buildings, dwellings with property boundaries and house and block numbers.Sheets are numbered 1-41; title page, key map, and index to sheets are on two unnumbered sheets.1890.Historical maps of neighborhoods, detailed at the block and building level, showing residential, commercial, and industrial uses of site, building footprints, potential environmental hazards, and construction details of structures.Includes notes on population, water facilities, fire department, and prevailing winds.Microfilm edition known as: Sanborn fire insurance maps. Colorado.",This project was funded in part through a Library Services and Technology Act (LSTA) grant administered by the Colorado State Library and in part by the Friends of the Libraries,https://rightsstatements.org/page/NoC-NC/1.0/?language=en,http://libraries.colorado.edu/search/o?SEARCH=72485522,"Map Library, University Libraries, University of Colorado at Boulder",Discovering Colorado Story by Story: The Sanborn Fire Insurance Maps Collection,https://cudl.colorado.edu//luna/servlet/detail/UCBOULDERCB1~21~21~88972~108621,https://cudl.colorado.edu/MediaManager/srvr?mediafile=/Size0/UCBOULDERCB1-21-NA/1247/den90008.jpg
den90009.tif,80967657,"v.1, sh. 9",43,Sanborn-Perris Map Co,Denver,Denver Co., Colorado, v.1,sh. 9,1890Insurance maps of Denver,1890,New York,"Sanborn-Perris Map Co., 1890","1 map on 43 sheets : col. ; sheets 68 x 92 cm., folded in half and bound",Scale [ca. 1:600] 50 ft. to an inch,Denver,Fire insurance,"Shows building construction by hand coloring, locations of windows and doors, and available water facilities.Shows factories, commercial and religious occupancy of buildings, dwellings with property boundaries and house and block numbers.Sheets are numbered 1-41; title page, key map, and index to sheets are on two unnumbered sheets.1890.Historical maps of neighborhoods, detailed at the block and building level, showing residential, commercial, and industrial uses of site, building footprints, potential environmental hazards, and construction details of structures.Includes notes on population, water facilities, fire department, and prevailing winds.Microfilm edition known as: Sanborn fire insurance maps. Colorado.",This project was funded in part through a Library Services and Technology Act (LSTA) grant administered by the Colorado State Library and in part by the Friends of the Libraries,https://rightsstatements.org/page/NoC-NC/1.0/?language=en,http://libraries.colorado.edu/search/o?SEARCH=72485522,"Map Library, University Libraries, University of Colorado at Boulder",Discovering Colorado Story by Story: The Sanborn Fire Insurance Maps Collection,https://cudl.colorado.edu//luna/servlet/detail/UCBOULDERCB1~21~21~88992~108627,https://cudl.colorado.edu/MediaManager/srvr?mediafile=/Size0/UCBOULDERCB1-21-NA/1248/den90009.jpg
den90010.tif,80967657,"v.1, sh. 10",43,Sanborn-Perris Map Co,Denver,Denver Co., Colorado, v.1,sh. 10,1890Insurance maps of Denver,1890,New York,"Sanborn-Perris Map Co., 1890","1 map on 43 sheets : col. ; sheets 68 x 92 cm., folded in half and bound",Scale [ca. 1:600] 50 ft. to an inch,Denver,Fire insurance,"Shows building construction by hand coloring, locations of windows and doors, and available water facilities.Shows factories, commercial and religious occupancy of buildings, dwellings with property boundaries and house and block numbers.Sheets are numbered 1-41; title page, key map, and index to sheets are on two unnumbered sheets.1890.Historical maps of neighborhoods, detailed at the block and building level, showing residential, commercial, and industrial uses of site, building footprints, potential environmental hazards, and construction details of structures.Includes notes on population, water facilities, fire department, and prevailing winds.Microfilm edition known as: Sanborn fire insurance maps. Colorado.",This project was funded in part through a Library Services and Technology Act (LSTA) grant administered by the Colorado State Library and in part by the Friends of the Libraries,https://rightsstatements.org/page/NoC-NC/1.0/?language=en,http://libraries.colorado.edu/search/o?SEARCH=72485522,"Map Library, University Libraries, University of Colorado at Boulder",Discovering Colorado Story by Story: The Sanborn Fire Insurance Maps Collection,https://cudl.colorado.edu//luna/servlet/detail/UCBOULDERCB1~21~21~89012~108678,https://cudl.colorado.edu/MediaManager/srvr?mediafile=/Size0/UCBOULDERCB1-21-NA/1299/den90010.jpg
den90011.tif,80967657,"v.1, sh. 11",43,Sanborn-Perris Map Co,Denver,Denver Co., Colorado, v.1,sh. 11,1890Insurance maps of Denver,1890,New York,"Sanborn-Perris Map Co., 1890","1 map on 43 sheets : col. ; sheets 68 x 92 cm., folded in half and bound",Scale [ca. 1:600] 50 ft. to an inch,Denver,Fire insurance,"Shows building construction by hand coloring, locations of windows and doors, and available water facilities.Shows factories, commercial and religious occupancy of buildings, dwellings with property boundaries and house and block numbers.Sheets are numbered 1-41; title page, key map, and index to sheets are on two unnumbered sheets.1890.Historical maps of neighborhoods, detailed at the block and building level, showing residential, commercial, and industrial uses of site, building footprints, potential environmental hazards, and construction details of structures.Includes notes on population, water facilities, fire department, and prevailing winds.Microfilm edition known as: Sanborn fire insurance maps. Colorado.",This project was funded in part through a Library Services and Technology Act (LSTA) grant administered by the Colorado State Library and in part by the Friends of the Libraries,https://rightsstatements.org/page/NoC-NC/1.0/?language=en,http://libraries.colorado.edu/search/o?SEARCH=72485522,"Map Library, University Libraries, University of Colorado at Boulder",Discovering Colorado Story by Story: The Sanborn Fire Insurance Maps Collection,https://cudl.colorado.edu//luna/servlet/detail/UCBOULDERCB1~21~21~89032~108679,https://cudl.colorado.edu/MediaManager/srvr?mediafile=/Size0/UCBOULDERCB1-21-NA/1299/den90011.jpg
den90012.tif,80967657,"v.1, sh. 12",43,Sanborn-Perris Map Co,Denver,Denver Co., Colorado, v.1,sh. 12,1890Insurance maps of Denver,1890,New York,"Sanborn-Perris Map Co., 1890","1 map on 43 sheets : col. ; sheets 68 x 92 cm., folded in half and bound",Scale [ca. 1:600] 50 ft. to an inch,Denver,Fire insurance,"Shows building construction by hand coloring, locations of windows and doors, and available water facilities.Shows factories, commercial and religious occupancy of buildings, dwellings with property boundaries and house and block numbers.Sheets are numbered 52-93; title page, key map, and index to sheets are on two unnumbered sheets.1890.Historical maps of neighborhoods, detailed at the block and building level, showing residential, commercial, and industrial uses of site, building footprints, potential environmental hazards, and construction details of structures.Includes notes on population, water facilities, fire department, and prevailing winds.Microfilm edition known as: Sanborn fire insurance maps. Colorado.",This project was funded in part through a Library Services and Technology Act (LSTA) grant administered by the Colorado State Library and in part by the Friends of the Libraries,https://rightsstatements.org/page/NoC-NC/1.0/?language=en,http://libraries.colorado.edu/search/o?SEARCH=72485522,"Map Library, University Libraries, University of Colorado at Boulder",Discovering Colorado Story by Story: The Sanborn Fire Insurance Maps Collection,https://cudl.colorado.edu//luna/servlet/detail/UCBOULDERCB1~21~21~89912~108752,https://cudl.colorado.edu/MediaManager/srvr?mediafile=/Size0/UCBOULDERCB1-21-NA/1306/den90012.jpg
den90013.tif,80967657,"v.1, sh. 13",43,Sanborn-Perris Map Co,Denver,Denver Co., Colorado, v.1,sh. 13,1890Insurance maps of Denver,1890,New York,"Sanborn-Perris Map Co., 1890","1 map on 43 sheets : col. ; sheets 68 x 92 cm., folded in half and bound",Scale [ca. 1:600] 50 ft. to an inch,Denver,Fire insurance,"Shows building construction by hand coloring, locations of windows and doors, and available water facilities.Shows factories, commercial and religious occupancy of buildings, dwellings with property boundaries and house and block numbers.Sheets are numbered 1-41; title page, key map, and index to sheets are on two unnumbered sheets.1890.Historical maps of neighborhoods, detailed at the block and building level, showing residential, commercial, and industrial uses of site, building footprints, potential environmental hazards, and construction details of structures.Includes notes on population, water facilities, fire department, and prevailing winds.Microfilm edition known as: Sanborn fire insurance maps. Colorado.",This project was funded in part through a Library Services and Technology Act (LSTA) grant administered by the Colorado State Library and in part by the Friends of the Libraries,https://rightsstatements.org/page/NoC-NC/1.0/?language=en,http://libraries.colorado.edu/search/o?SEARCH=72485522,"Map Library, University Libraries, University of Colorado at Boulder",Discovering Colorado Story by Story: The Sanborn Fire Insurance Maps Collection,https://cudl.colorado.edu//luna/servlet/detail/UCBOULDERCB1~21~21~89072~108680,https://cudl.colorado.edu/MediaManager/srvr?mediafile=/Size0/UCBOULDERCB1-21-NA/1299/den90013.jpg
den90014.tif,80967657,"v.1, sh. 14",43,Sanborn-Perris Map Co,Denver,Denver Co., Colorado, v.1,sh. 14,1890Insurance maps of Denver,1890,New York,"Sanborn-Perris Map Co., 1890","1 map on 43 sheets : col. ; sheets 68 x 92 cm., folded in half and bound",Scale [ca. 1:600] 50 ft. to an inch,Denver,Fire insurance,"Shows building construction by hand coloring, locations of windows and doors, and available water facilities.Shows factories, commercial and religious occupancy of buildings, dwellings with property boundaries and house and block numbers.Sheets are numbered 1-41; title page, key map, and index to sheets are on two unnumbered sheets.1890.Historical maps of neighborhoods, detailed at the block and building level, showing residential, commercial, and industrial uses of site, building footprints, potential environmental hazards, and construction details of structures.Includes notes on population, water facilities, fire department, and prevailing winds.Microfilm edition known as: Sanborn fire insurance maps. Colorado.",This project was funded in part through a Library Services and Technology Act (LSTA) grant administered by the Colorado State Library and in part by the Friends of the Libraries,https://rightsstatements.org/page/NoC-NC/1.0/?language=en,http://libraries.colorado.edu/search/o?SEARCH=72485522,"Map Library, University Libraries, University of Colorado at Boulder",Discovering Colorado Story by Story: The Sanborn Fire Insurance Maps Collection,https://cudl.colorado.edu//luna/servlet/detail/UCBOULDERCB1~21~21~89092~108681,https://cudl.colorado.edu/MediaManager/srvr?mediafile=/Size0/UCBOULDERCB1-21-NA/1299/den90014.jpg
den90015.tif,80967657,"v.1, sh. 15",43,Sanborn-Perris Map Co,Denver,Denver Co., Colorado, v.1,sh. 15,1890Insurance maps of Denver,1890,New York,"Sanborn-Perris Map Co., 1890","1 map on 43 sheets : col. ; sheets 68 x 92 cm., folded in half and bound",Scale [ca. 1:600] 50 ft. to an inch,Denver,Fire insurance,"Shows building construction by hand coloring, locations of windows and doors, and available water facilities.Shows factories, commercial and religious occupancy of buildings, dwellings with property boundaries and house and block numbers.Sheets are numbered 1-41; title page, key map, and index to sheets are on two unnumbered sheets.1890.Historical maps of neighborhoods, detailed at the block and building level, showing residential, commercial, and industrial uses of site, building footprints, potential environmental hazards, and construction details of structures.Includes notes on population, water facilities, fire department, and prevailing winds.Microfilm edition known as: Sanborn fire insurance maps. Colorado.",This project was funded in part through a Library Services and Technology Act (LSTA) grant administered by the Colorado State Library and in part by the Friends of the Libraries,https://rightsstatements.org/page/NoC-NC/1.0/?language=en,http://libraries.colorado.edu/search/o?SEARCH=72485522,"Map Library, University Libraries, University of Colorado at Boulder",Discovering Colorado Story by Story: The Sanborn Fire Insurance Maps Collection,https://cudl.colorado.edu//luna/servlet/detail/UCBOULDERCB1~21~21~89112~108682,https://cudl.colorado.edu/MediaManager/srvr?mediafile=/Size0/UCBOULDERCB1-21-NA/1299/den90015.jpg
den90016.tif,80967657,"v.1, sh. 16",43,Sanborn-Perris Map Co,Denver,Denver Co., Colorado, v.1,sh. 16,1890Insurance maps of Denver,1890,New York,"Sanborn-Perris Map Co., 1890","1 map on 43 sheets : col. ; sheets 68 x 92 cm., folded in half and bound",Scale [ca. 1:600] 50 ft. to an inch,Denver,Fire insurance,"Shows building construction by hand coloring, locations of windows and doors, and available water facilities.Shows factories, commercial and religious occupancy of buildings, dwellings with property boundaries and house and block numbers.Sheets are numbered 1-41; title page, key map, and index to sheets are on two unnumbered sheets.1890.Historical maps of neighborhoods, detailed at the block and building level, showing residential, commercial, and industrial uses of site, building footprints, potential environmental hazards, and construction details of structures.Includes notes on population, water facilities, fire department, and prevailing winds.Microfilm edition known as: Sanborn fire insurance maps. Colorado.",This project was funded in part through a Library Services and Technology Act (LSTA) grant administered by the Colorado State Library and in part by the Friends of the Libraries,https://rightsstatements.org/page/NoC-NC/1.0/?language=en,http://libraries.colorado.edu/search/o?SEARCH=72485522,"Map Library, University Libraries, University of Colorado at Boulder",Discovering Colorado Story by Story: The Sanborn Fire Insurance Maps Collection,https://cudl.colorado.edu//luna/servlet/detail/UCBOULDERCB1~21~21~89132~108683,https://cudl.colorado.edu/MediaManager/srvr?mediafile=/Size0/UCBOULDERCB1-21-NA/1299/den90016.jpg
den90017.tif,80967657,"v.1, sh. 17",43,Sanborn-Perris Map Co,Denver,Denver Co., Colorado, v.1,sh. 17,1890Insurance maps of Denver,1890,New York,"Sanborn-Perris Map Co., 1890","1 map on 43 sheets : col. ; sheets 68 x 92 cm., folded in half and bound",Scale [ca. 1:600] 50 ft. to an inch,Denver,Fire insurance,"Shows building construction by hand coloring, locations of windows and doors, and available water facilities.Shows factories, commercial and religious occupancy of buildings, dwellings with property boundaries and house and block numbers.Sheets are numbered 1-41; title page, key map, and index to sheets are on two unnumbered sheets.1890.Historical maps of neighborhoods, detailed at the block and building level, showing residential, commercial, and industrial uses of site, building footprints, potential environmental hazards, and construction details of structures.Includes notes on population, water facilities, fire department, and prevailing winds.Microfilm edition known as: Sanborn fire insurance maps. Colorado.",This project was funded in part through a Library Services and Technology Act (LSTA) grant administered by the Colorado State Library and in part by the Friends of the Libraries,https://rightsstatements.org/page/NoC-NC/1.0/?language=en,http://libraries.colorado.edu/search/o?SEARCH=72485522,"Map Library, University Libraries, University of Colorado at Boulder",Discovering Colorado Story by Story: The Sanborn Fire Insurance Maps Collection,https://cudl.colorado.edu//luna/servlet/detail/UCBOULDERCB1~21~21~89152~108684,https://cudl.colorado.edu/MediaManager/srvr?mediafile=/Size0/UCBOULDERCB1-21-NA/1299/den90017.jpg
den90un2.tif,80967657,v.1 index,43,Sanborn-Perris Map Co,Denver,Denver Co., Colorado, v.1 index,index,1890Insurance maps of Denver,1890,New York,"Sanborn-Perris Map Co., 1890","1 map on 43 sheets : col. ; sheets 68 x 92 cm., folded in half and bound",Scale [ca. 1:600] 50 ft. to an inch,Denver,Fire insurance,"Shows building construction by hand coloring, locations of windows and doors, and available water facilities.Shows factories, commercial and religious occupancy of buildings, dwellings with property boundaries and house and block numbers.Sheets are numbered 1-41; title page, key map, and index to sheets are on two unnumbered sheets.1890.Includes notes on population, water facilities, fire department, and prevailing winds.Microfilm edition known as: Sanborn fire insurance maps. Colorado.",This project was funded in part through a Library Services and Technology Act (LSTA) grant administered by the Colorado State Library and in part by the Friends of the Libraries,https://rightsstatements.org/page/NoC-NC/1.0/?language=en,http://libraries.colorado.edu/search/o?SEARCH=72485522,"Map Library, University Libraries, University of Colorado at Boulder",Discovering Colorado Story by Story: The Sanborn Fire Insurance Maps Collection,https://cudl.colorado.edu//luna/servlet/detail/UCBOULDERCB1~21~21~109418~126413,https://cudl.colorado.edu/MediaManager/srvr?mediafile=/Size0/UCBOULDERCB1-21-NA/1495/den90un2.jpg
den90018.tif,80967657,"v.1, sh. 18",43,Sanborn-Perris Map Co,Denver,Denver Co., Colorado, v.1,sh. 18,1890Insurance maps of Denver,1890,New York,"Sanborn-Perris Map Co., 1890","1 map on 43 sheets : col. ; sheets 68 x 92 cm., folded in half and bound",Scale [ca. 1:600] 50 ft. to an inch,Denver,Fire insurance,"Shows building construction by hand coloring, locations of windows and doors, and available water facilities.Shows factories, commercial and religious occupancy of buildings, dwellings with property boundaries and house and block numbers.Sheets are numbered 1-41; title page, key map, and index to sheets are on two unnumbered sheets.1890.Historical maps of neighborhoods, detailed at the block and building level, showing residential, commercial, and industrial uses of site, building footprints, potential environmental hazards, and construction details of structures.Includes notes on population, water facilities, fire department, and prevailing winds.Microfilm edition known as: Sanborn fire insurance maps. Colorado.",This project was funded in part through a Library Services and Technology Act (LSTA) grant administered by the Colorado State Library and in part by the Friends of the Libraries,https://rightsstatements.org/page/NoC-NC/1.0/?language=en,http://libraries.colorado.edu/search/o?SEARCH=72485522,"Map Library, University Libraries, University of Colorado at Boulder",Discovering Colorado Story by Story: The Sanborn Fire Insurance Maps Collection,https://cudl.colorado.edu//luna/servlet/detail/UCBOULDERCB1~21~21~89172~108685,https://cudl.colorado.edu/MediaManager/srvr?mediafile=/Size0/UCBOULDERCB1-21-NA/1299/den90018.jpg
den90019.tif,80967657,"v.1, sh. 19",43,Sanborn-Perris Map Co,Denver,Denver Co., Colorado, v.1,sh. 19,1890Insurance maps of Denver,1890,New York,"Sanborn-Perris Map Co., 1890","1 map on 43 sheets : col. ; sheets 68 x 92 cm., folded in half and bound",Scale [ca. 1:600] 50 ft. to an inch,Denver,Fire insurance,"Shows building construction by hand coloring, locations of windows and doors, and available water facilities.Shows factories, commercial and religious occupancy of buildings, dwellings with property boundaries and house and block numbers.Sheets are numbered 1-41; title page, key map, and index to sheets are on two unnumbered sheets.1890.Historical maps of neighborhoods, detailed at the block and building level, showing residential, commercial, and industrial uses of site, building footprints, potential environmental hazards, and construction details of structures.Includes notes on population, water facilities, fire department, and prevailing winds.Microfilm edition known as: Sanborn fire insurance maps. Colorado.",This project was funded in part through a Library Services and Technology Act (LSTA) grant administered by the Colorado State Library and in part by the Friends of the Libraries,https://rightsstatements.org/page/NoC-NC/1.0/?language=en,http://libraries.colorado.edu/search/o?SEARCH=72485522,"Map Library, University Libraries, University of Colorado at Boulder",Discovering Colorado Story by Story: The Sanborn Fire Insurance Maps Collection,https://cudl.colorado.edu//luna/servlet/detail/UCBOULDERCB1~21~21~89192~108686,https://cudl.colorado.edu/MediaManager/srvr?mediafile=/Size0/UCBOULDERCB1-21-NA/1299/den90019.jpg
den90020.tif,80967657,"v.1, sh. 20",43,Sanborn-Perris Map Co,Denver,Denver Co., Colorado, v.1,sh. 20,1890Insurance maps of Denver,1890,New York,"Sanborn-Perris Map Co., 1890","1 map on 43 sheets : col. ; sheets 68 x 92 cm., folded in half and bound",Scale [ca. 1:600] 50 ft. to an inch,Denver,Fire insurance,"Shows building construction by hand coloring, locations of windows and doors, and available water facilities.Shows factories, commercial and religious occupancy of buildings, dwellings with property boundaries and house and block numbers.Sheets are numbered 1-41; title page, key map, and index to sheets are on two unnumbered sheets.1890.Historical maps of neighborhoods, detailed at the block and building level, showing residential, commercial, and industrial uses of site, building footprints, potential environmental hazards, and construction details of structures.Includes notes on population, water facilities, fire department, and prevailing winds.Microfilm edition known as: Sanborn fire insurance maps. Colorado.",This project was funded in part through a Library Services and Technology Act (LSTA) grant administered by the Colorado State Library and in part by the Friends of the Libraries,https://rightsstatements.org/page/NoC-NC/1.0/?language=en,http://libraries.colorado.edu/search/o?SEARCH=72485522,"Map Library, University Libraries, University of Colorado at Boulder",Discovering Colorado Story by Story: The Sanborn Fire Insurance Maps Collection,https://cudl.colorado.edu//luna/servlet/detail/UCBOULDERCB1~21~21~89212~108687,https://cudl.colorado.edu/MediaManager/srvr?mediafile=/Size0/UCBOULDERCB1-21-NA/1299/den90020.jpg
den90021.tif,80967657,"v.1, sh. 21",43,Sanborn-Perris Map Co,Denver,Denver Co., Colorado, v.1,sh. 21,1890Insurance maps of Denver,1890,New York,"Sanborn-Perris Map Co., 1890","1 map on 43 sheets : col. ; sheets 68 x 92 cm., folded in half and bound",Scale [ca. 1:600] 50 ft. to an inch,Denver,Fire insurance,"Shows building construction by hand coloring, locations of windows and doors, and available water facilities.Shows factories, commercial and religious occupancy of buildings, dwellings with property boundaries and house and block numbers.Sheets are numbered 1-41; title page, key map, and index to sheets are on two unnumbered sheets.1890.Historical maps of neighborhoods, detailed at the block and building level, showing residential, commercial, and industrial uses of site, building footprints, potential environmental hazards, and construction details of structures.Includes notes on population, water facilities, fire department, and prevailing winds.Microfilm edition known as: Sanborn fire insurance maps. Colorado.",This project was funded in part through a Library Services and Technology Act (LSTA) grant administered by the Colorado State Library and in part by the Friends of the Libraries,https://rightsstatements.org/page/NoC-NC/1.0/?language=en,http://libraries.colorado.edu/search/o?SEARCH=72485522,"Map Library, University Libraries, University of Colorado at Boulder",Discovering Colorado Story by Story: The Sanborn Fire Insurance Maps Collection,https://cudl.colorado.edu//luna/servlet/detail/UCBOULDERCB1~21~21~89232~108688,https://cudl.colorado.edu/MediaManager/srvr?mediafile=/Size0/UCBOULDERCB1-21-NA/1299/den90021.jpg
den90022.tif,80967657,"v.1, sh. 22",43,Sanborn-Perris Map Co,Denver,Denver Co., Colorado, v.1,sh. 22,1890Insurance maps of Denver,1890,New York,"Sanborn-Perris Map Co., 1890","1 map on 43 sheets : col. ; sheets 68 x 92 cm., folded in half and bound",Scale [ca. 1:600] 50 ft. to an inch,Denver,Fire insurance,"Shows building construction by hand coloring, locations of windows and doors, and available water facilities.Shows factories, commercial and religious occupancy of buildings, dwellings with property boundaries and house and block numbers.Sheets are numbered 1-41; title page, key map, and index to sheets are on two unnumbered sheets.1890.Historical maps of neighborhoods, detailed at the block and building level, showing residential, commercial, and industrial uses of site, building footprints, potential environmental hazards, and construction details of structures.Includes notes on population, water facilities, fire department, and prevailing winds.Microfilm edition known as: Sanborn fire insurance maps. Colorado.",This project was funded in part through a Library Services and Technology Act (LSTA) grant administered by the Colorado State Library and in part by the Friends of the Libraries,https://rightsstatements.org/page/NoC-NC/1.0/?language=en,http://libraries.colorado.edu/search/o?SEARCH=72485522,"Map Library, University Libraries, University of Colorado at Boulder",Discovering Colorado Story by Story: The Sanborn Fire Insurance Maps Collection,https://cudl.colorado.edu//luna/servlet/detail/UCBOULDERCB1~21~21~89252~108689,https://cudl.colorado.edu/MediaManager/srvr?mediafile=/Size0/UCBOULDERCB1-21-NA/1299/den90022.jpg
den90023.tif,80967657,"v.1, sh. 23",43,Sanborn-Perris Map Co,Denver,Denver Co., Colorado, v.1,sh. 23,1890Insurance maps of Denver,1890,New York,"Sanborn-Perris Map Co., 1890","1 map on 43 sheets : col. ; sheets 68 x 92 cm., folded in half and bound",Scale [ca. 1:600] 50 ft. to an inch,Denver,Fire insurance,"Shows building construction by hand coloring, locations of windows and doors, and available water facilities.Shows factories, commercial and religious occupancy of buildings, dwellings with property boundaries and house and block numbers.Sheets are numbered 1-41; title page, key map, and index to sheets are on two unnumbered sheets.1890.Historical maps of neighborhoods, detailed at the block and building level, showing residential, commercial, and industrial uses of site, building footprints, potential environmental hazards, and construction details of structures.Includes notes on population, water facilities, fire department, and prevailing winds.Microfilm edition known as: Sanborn fire insurance maps. Colorado.",This project was funded in part through a Library Services and Technology Act (LSTA) grant administered by the Colorado State Library and in part by the Friends of the Libraries,https://rightsstatements.org/page/NoC-NC/1.0/?language=en,http://libraries.colorado.edu/search/o?SEARCH=72485522,"Map Library, University Libraries, University of Colorado at Boulder",Discovering Colorado Story by Story: The Sanborn Fire Insurance Maps Collection,https://cudl.colorado.edu//luna/servlet/detail/UCBOULDERCB1~21~21~89272~108690,https://cudl.colorado.edu/MediaManager/srvr?mediafile=/Size0/UCBOULDERCB1-21-NA/1299/den90023.jpg
den90024.tif,80967657,"v.1, sh. 24",43,Sanborn-Perris Map Co,Denver,Denver Co., Colorado, v.1,sh. 24,1890Insurance maps of Denver,1890,New York,"Sanborn-Perris Map Co., 1890","1 map on 43 sheets : col. ; sheets 68 x 92 cm., folded in half and bound",Scale [ca. 1:600] 50 ft. to an inch,Denver,Fire insurance,"Shows building construction by hand coloring, locations of windows and doors, and available water facilities.Shows factories, commercial and religious occupancy of buildings, dwellings with property boundaries and house and block numbers.Sheets are numbered 1-41; title page, key map, and index to sheets are on two unnumbered sheets.1890.Historical maps of neighborhoods, detailed at the block and building level, showing residential, commercial, and industrial uses of site, building footprints, potential environmental hazards, and construction details of structures.Includes notes on population, water facilities, fire department, and prevailing winds.Microfilm edition known as: Sanborn fire insurance maps. Colorado.",This project was funded in part through a Library Services and Technology Act (LSTA) grant administered by the Colorado State Library and in part by the Friends of the Libraries,https://rightsstatements.org/page/NoC-NC/1.0/?language=en,http://libraries.colorado.edu/search/o?SEARCH=72485522,"Map Library, University Libraries, University of Colorado at Boulder",Discovering Colorado Story by Story: The Sanborn Fire Insurance Maps Collection,https://cudl.colorado.edu//luna/servlet/detail/UCBOULDERCB1~21~21~89292~108691,https://cudl.colorado.edu/MediaManager/srvr?mediafile=/Size0/UCBOULDERCB1-21-NA/1299/den90024.jpg
den90025.tif,80967657,"v.1, sh. 25",43,Sanborn-Perris Map Co,Denver,Denver Co., Colorado, v.1,sh. 25,1890Insurance maps of Denver,1890,New York,"Sanborn-Perris Map Co., 1890","1 map on 43 sheets : col. ; sheets 68 x 92 cm., folded in half and bound",Scale [ca. 1:600] 50 ft. to an inch,Denver,Fire insurance,"Shows building construction by hand coloring, locations of windows and doors, and available water facilities.Shows factories, commercial and religious occupancy of buildings, dwellings with property boundaries and house and block numbers.Sheets are numbered 1-41; title page, key map, and index to sheets are on two unnumbered sheets.1890.Historical maps of neighborhoods, detailed at the block and building level, showing residential, commercial, and industrial uses of site, building footprints, potential environmental hazards, and construction details of structures.Includes notes on population, water facilities, fire department, and prevailing winds.Microfilm edition known as: Sanborn fire insurance maps. Colorado.",This project was funded in part through a Library Services and Technology Act (LSTA) grant administered by the Colorado State Library and in part by the Friends of the Libraries,https://rightsstatements.org/page/NoC-NC/1.0/?language=en,http://libraries.colorado.edu/search/o?SEARCH=72485522,"Map Library, University Libraries, University of Colorado at Boulder",Discovering Colorado Story by Story: The Sanborn Fire Insurance Maps Collection,https://cudl.colorado.edu//luna/servlet/detail/UCBOULDERCB1~21~21~89312~108692,https://cudl.colorado.edu/MediaManager/srvr?mediafile=/Size0/UCBOULDERCB1-21-NA/1299/den90025.jpg
den90026.tif,80967657,"v.1, sh. 26",43,Sanborn-Perris Map Co,Denver,Denver Co., Colorado, v.1,sh. 26,1890Insurance maps of Denver,1890,New York,"Sanborn-Perris Map Co., 1890","1 map on 43 sheets : col. ; sheets 68 x 92 cm., folded in half and bound",Scale [ca. 1:600] 50 ft. to an inch,Denver,Fire insurance,"Shows building construction by hand coloring, locations of windows and doors, and available water facilities.Shows factories, commercial and religious occupancy of buildings, dwellings with property boundaries and house and block numbers.Sheets are numbered 1-41; title page, key map, and index to sheets are on two unnumbered sheets.1890.Historical maps of neighborhoods, detailed at the block and building level, showing residential, commercial, and industrial uses of site, building footprints, potential environmental hazards, and construction details of structures.Includes notes on population, water facilities, fire department, and prevailing winds.Microfilm edition known as: Sanborn fire insurance maps. Colorado.",This project was funded in part through a Library Services and Technology Act (LSTA) grant administered by the Colorado State Library and in part by the Friends of the Libraries,https://rightsstatements.org/page/NoC-NC/1.0/?language=en,http://libraries.colorado.edu/search/o?SEARCH=72485522,"Map Library, University Libraries, University of Colorado at Boulder",Discovering Colorado Story by Story: The Sanborn Fire Insurance Maps Collection,https://cudl.colorado.edu//luna/servlet/detail/UCBOULDERCB1~21~21~89332~108693,https://cudl.colorado.edu/MediaManager/srvr?mediafile=/Size0/UCBOULDERCB1-21-NA/1299/den90026.jpg
den90027.tif,80967657,"v.1, sh. 27",43,Sanborn-Perris Map Co,Denver,Denver Co., Colorado, v.1,sh. 27,1890Insurance maps of Denver,1890,New York,"Sanborn-Perris Map Co., 1890","1 map on 43 sheets : col. ; sheets 68 x 92 cm., folded in half and bound",Scale [ca. 1:600] 50 ft. to an inch,Denver,Fire insurance,"Shows building construction by hand coloring, locations of windows and doors, and available water facilities.Shows factories, commercial and religious occupancy of buildings, dwellings with property boundaries and house and block numbers.Sheets are numbered 1-41; title page, key map, and index to sheets are on two unnumbered sheets.1890.Historical maps of neighborhoods, detailed at the block and building level, showing residential, commercial, and industrial uses of site, building footprints, potential environmental hazards, and construction details of structures.Includes notes on population, water facilities, fire department, and prevailing winds.Microfilm edition known as: Sanborn fire insurance maps. Colorado.",This project was funded in part through a Library Services and Technology Act (LSTA) grant administered by the Colorado State Library and in part by the Friends of the Libraries,https://rightsstatements.org/page/NoC-NC/1.0/?language=en,http://libraries.colorado.edu/search/o?SEARCH=72485522,"Map Library, University Libraries, University of Colorado at Boulder",Discovering Colorado Story by Story: The Sanborn Fire Insurance Maps Collection,https://cudl.colorado.edu//luna/servlet/detail/UCBOULDERCB1~21~21~89352~108694,https://cudl.colorado.edu/MediaManager/srvr?mediafile=/Size0/UCBOULDERCB1-21-NA/1299/den90027.jpg
den90001.tif,80967657,"v.1, sh. 1",43,Sanborn-Perris Map Co,Denver,Denver Co., Colorado, v.1,sh. 1,1890Insurance maps of Denver,1890,New York,"Sanborn-Perris Map Co., 1890","1 map on 43 sheets : col. ; sheets 68 x 92 cm., folded in half and bound",Scale [ca. 1:600] 50 ft. to an inch,Denver,Fire insurance,"Shows building construction by hand coloring, locations of windows and doors, and available water facilities.Shows factories, commercial and religious occupancy of buildings, dwellings with property boundaries and house and block numbers.Sheets are numbered 1-41; title page, key map, and index to sheets are on two unnumbered sheets.1890.Historical maps of neighborhoods, detailed at the block and building level, showing residential, commercial, and industrial uses of site, building footprints, potential environmental hazards, and construction details of structures.Includes notes on population, water facilities, fire department, and prevailing winds.Microfilm edition known as: Sanborn fire insurance maps. Colorado.",This project was funded in part through a Library Services and Technology Act (LSTA) grant administered by the Colorado State Library and in part by the Friends of the Libraries,https://rightsstatements.org/page/NoC-NC/1.0/?language=en,http://libraries.colorado.edu/search/o?SEARCH=72485522,"Map Library, University Libraries, University of Colorado at Boulder",Discovering Colorado Story by Story: The Sanborn Fire Insurance Maps Collection,https://cudl.colorado.edu//luna/servlet/detail/UCBOULDERCB1~21~21~89692~108613,https://cudl.colorado.edu/MediaManager/srvr?mediafile=/Size0/UCBOULDERCB1-21-NA/1245/den90001.jpg
den90028.tif,80967657,"v.1, sh. 28",43,Sanborn-Perris Map Co,Denver,Denver Co., Colorado, v.1,sh. 28,1890Insurance maps of Denver,1890,New York,"Sanborn-Perris Map Co., 1890","1 map on 43 sheets : col. ; sheets 68 x 92 cm., folded in half and bound",Scale [ca. 1:600] 50 ft. to an inch,Denver,Fire insurance,"Shows building construction by hand coloring, locations of windows and doors, and available water facilities.Shows factories, commercial and religious occupancy of buildings, dwellings with property boundaries and house and block numbers.Sheets are numbered 1-41; title page, key map, and index to sheets are on two unnumbered sheets.1890.Historical maps of neighborhoods, detailed at the block and building level, showing residential, commercial, and industrial uses of site, building footprints, potential environmental hazards, and construction details of structures.Includes notes on population, water facilities, fire department, and prevailing winds.Microfilm edition known as: Sanborn fire insurance maps. Colorado.",This project was funded in part through a Library Services and Technology Act (LSTA) grant administered by the Colorado State Library and in part by the Friends of the Libraries,https://rightsstatements.org/page/NoC-NC/1.0/?language=en,http://libraries.colorado.edu/search/o?SEARCH=72485522,"Map Library, University Libraries, University of Colorado at Boulder",Discovering Colorado Story by Story: The Sanborn Fire Insurance Maps Collection,https://cudl.colorado.edu//luna/servlet/detail/UCBOULDERCB1~21~21~89372~108695,https://cudl.colorado.edu/MediaManager/srvr?mediafile=/Size0/UCBOULDERCB1-21-NA/1299/den90028.jpg
den90029.tif,80967657,"v.1, sh. 29",43,Sanborn-Perris Map Co,Denver,Denver Co., Colorado, v.1,sh. 29,1890Insurance maps of Denver,1890,New York,"Sanborn-Perris Map Co., 1890","1 map on 43 sheets : col. ; sheets 68 x 92 cm., folded in half and bound",Scale [ca. 1:600] 50 ft. to an inch,Denver,Fire insurance,"Shows building construction by hand coloring, locations of windows and doors, and available water facilities.Shows factories, commercial and religious occupancy of buildings, dwellings with property boundaries and house and block numbers.Sheets are numbered 1-41; title page, key map, and index to sheets are on two unnumbered sheets.1890.Historical maps of neighborhoods, detailed at the block and building level, showing residential, commercial, and industrial uses of site, building footprints, potential environmental hazards, and construction details of structures.Includes notes on population, water facilities, fire department, and prevailing winds.Microfilm edition known as: Sanborn fire insurance maps. Colorado.",This project was funded in part through a Library Services and Technology Act (LSTA) grant administered by the Colorado State Library and in part by the Friends of the Libraries,https://rightsstatements.org/page/NoC-NC/1.0/?language=en,http://libraries.colorado.edu/search/o?SEARCH=72485522,"Map Library, University Libraries, University of Colorado at Boulder",Discovering Colorado Story by Story: The Sanborn Fire Insurance Maps Collection,https://cudl.colorado.edu//luna/servlet/detail/UCBOULDERCB1~21~21~89392~108696,https://cudl.colorado.edu/MediaManager/srvr?mediafile=/Size0/UCBOULDERCB1-21-NA/1299/den90029.jpg
den90030.tif,80967657,"v.1, sh. 30",43,Sanborn-Perris Map Co,Denver,Denver Co., Colorado, v.1,sh. 30,1890Insurance maps of Denver,1890,New York,"Sanborn-Perris Map Co., 1890","1 map on 43 sheets : col. ; sheets 68 x 92 cm., folded in half and bound",Scale [ca. 1:600] 50 ft. to an inch,Denver,Fire insurance,"Shows building construction by hand coloring, locations of windows and doors, and available water facilities.Shows factories, commercial and religious occupancy of buildings, dwellings with property boundaries and house and block numbers.Sheets are numbered 1-41; title page, key map, and index to sheets are on two unnumbered sheets.1890.Historical maps of neighborhoods, detailed at the block and building level, showing residential, commercial, and industrial uses of site, building footprints, potential environmental hazards, and construction details of structures.Includes notes on population, water facilities, fire department, and prevailing winds.Microfilm edition known as: Sanborn fire insurance maps. Colorado.",This project was funded in part through a Library Services and Technology Act (LSTA) grant administered by the Colorado State Library and in part by the Friends of the Libraries,https://rightsstatements.org/page/NoC-NC/1.0/?language=en,http://libraries.colorado.edu/search/o?SEARCH=72485522,"Map Library, University Libraries, University of Colorado at Boulder",Discovering Colorado Story by Story: The Sanborn Fire Insurance Maps Collection,https://cudl.colorado.edu//luna/servlet/detail/UCBOULDERCB1~21~21~89412~108697,https://cudl.colorado.edu/MediaManager/srvr?mediafile=/Size0/UCBOULDERCB1-21-NA/1299/den90030.jpg
den90031.tif,80967657,"v.1, sh. 31",43,Sanborn-Perris Map Co,Denver,Denver Co., Colorado, v.1,sh. 31,1890Insurance maps of Denver,1890,New York,"Sanborn-Perris Map Co., 1890","1 map on 43 sheets : col. ; sheets 68 x 92 cm., folded in half and bound",Scale [ca. 1:600] 50 ft. to an inch,Denver,Fire insurance,"Shows building construction by hand coloring, locations of windows and doors, and available water facilities.Shows factories, commercial and religious occupancy of buildings, dwellings with property boundaries and house and block numbers.Sheets are numbered 1-41; title page, key map, and index to sheets are on two unnumbered sheets.1890.Historical maps of neighborhoods, detailed at the block and building level, showing residential, commercial, and industrial uses of site, building footprints, potential environmental hazards, and construction details of structures.Includes notes on population, water facilities, fire department, and prevailing winds.Microfilm edition known as: Sanborn fire insurance maps. Colorado.",This project was funded in part through a Library Services and Technology Act (LSTA) grant administered by the Colorado State Library and in part by the Friends of the Libraries,https://rightsstatements.org/page/NoC-NC/1.0/?language=en,http://libraries.colorado.edu/search/o?SEARCH=72485522,"Map Library, University Libraries, University of Colorado at Boulder",Discovering Colorado Story by Story: The Sanborn Fire Insurance Maps Collection,https://cudl.colorado.edu//luna/servlet/detail/UCBOULDERCB1~21~21~89432~108698,https://cudl.colorado.edu/MediaManager/srvr?mediafile=/Size0/UCBOULDERCB1-21-NA/1299/den90031.jpg
den90032.tif,80967657,"v.1, sh. 32",43,Sanborn-Perris Map Co,Denver,Denver Co., Colorado, v.1,sh. 32,1890Insurance maps of Denver,1890,New York,"Sanborn-Perris Map Co., 1890","1 map on 43 sheets : col. ; sheets 68 x 92 cm., folded in half and bound",Scale [ca. 1:600] 50 ft. to an inch,Denver,Fire insurance,"Shows building construction by hand coloring, locations of windows and doors, and available water facilities.Shows factories, commercial and religious occupancy of buildings, dwellings with property boundaries and house and block numbers.Sheets are numbered 1-41; title page, key map, and index to sheets are on two unnumbered sheets.1890.Historical maps of neighborhoods, detailed at the block and building level, showing residential, commercial, and industrial uses of site, building footprints, potential environmental hazards, and construction details of structures.Includes notes on population, water facilities, fire department, and prevailing winds.Microfilm edition known as: Sanborn fire insurance maps. Colorado.",This project was funded in part through a Library Services and Technology Act (LSTA) grant administered by the Colorado State Library and in part by the Friends of the Libraries,https://rightsstatements.org/page/NoC-NC/1.0/?language=en,http://libraries.colorado.edu/search/o?SEARCH=72485522,"Map Library, University Libraries, University of Colorado at Boulder",Discovering Colorado Story by Story: The Sanborn Fire Insurance Maps Collection,https://cudl.colorado.edu//luna/servlet/detail/UCBOULDERCB1~21~21~89452~108699,https://cudl.colorado.edu/MediaManager/srvr?mediafile=/Size0/UCBOULDERCB1-21-NA/1299/den90032.jpg
den90033.tif,80967657,"v.1, sh. 33",43,Sanborn-Perris Map Co,Denver,Denver Co., Colorado, v.1,sh. 33,1890Insurance maps of Denver,1890,New York,"Sanborn-Perris Map Co., 1890","1 map on 43 sheets : col. ; sheets 68 x 92 cm., folded in half and bound",Scale [ca. 1:600] 50 ft. to an inch,Denver,Fire insurance,"Shows building construction by hand coloring, locations of windows and doors, and available water facilities.Shows factories, commercial and religious occupancy of buildings, dwellings with property boundaries and house and block numbers.Sheets are numbered 1-41; title page, key map, and index to sheets are on two unnumbered sheets.1890.Historical maps of neighborhoods, detailed at the block and building level, showing residential, commercial, and industrial uses of site, building footprints, potential environmental hazards, and construction details of structures.Includes notes on population, water facilities, fire department, and prevailing winds.Microfilm edition known as: Sanborn fire insurance maps. Colorado.",This project was funded in part through a Library Services and Technology Act (LSTA) grant administered by the Colorado State Library and in part by the Friends of the Libraries,https://rightsstatements.org/page/NoC-NC/1.0/?language=en,http://libraries.colorado.edu/search/o?SEARCH=72485522,"Map Library, University Libraries, University of Colorado at Boulder",Discovering Colorado Story by Story: The Sanborn Fire Insurance Maps Collection,https://cudl.colorado.edu//luna/servlet/detail/UCBOULDERCB1~21~21~89472~108700,https://cudl.colorado.edu/MediaManager/srvr?mediafile=/Size0/UCBOULDERCB1-21-NA/1299/den90033.jpg
den90034.tif,80967657,"v.1, sh. 34",43,Sanborn-Perris Map Co,Denver,Denver Co., Colorado, v.1,sh. 34,1890Insurance maps of Denver,1890,New York,"Sanborn-Perris Map Co., 1890","1 map on 43 sheets : col. ; sheets 68 x 92 cm., folded in half and bound",Scale [ca. 1:600] 50 ft. to an inch,Denver,Fire insurance,"Shows building construction by hand coloring, locations of windows and doors, and available water facilities.Shows factories, commercial and religious occupancy of buildings, dwellings with property boundaries and house and block numbers.Sheets are numbered 1-41; title page, key map, and index to sheets are on two unnumbered sheets.1890.Historical maps of neighborhoods, detailed at the block and building level, showing residential, commercial, and industrial uses of site, building footprints, potential environmental hazards, and construction details of structures.Includes notes on population, water facilities, fire department, and prevailing winds.Microfilm edition known as: Sanborn fire insurance maps. Colorado.",This project was funded in part through a Library Services and Technology Act (LSTA) grant administered by the Colorado State Library and in part by the Friends of the Libraries,https://rightsstatements.org/page/NoC-NC/1.0/?language=en,http://libraries.colorado.edu/search/o?SEARCH=72485522,"Map Library, University Libraries, University of Colorado at Boulder",Discovering Colorado Story by Story: The Sanborn Fire Insurance Maps Collection,https://cudl.colorado.edu//luna/servlet/detail/UCBOULDERCB1~21~21~89492~108701,https://cudl.colorado.edu/MediaManager/srvr?mediafile=/Size0/UCBOULDERCB1-21-NA/1299/den90034.jpg
den90035.tif,80967657,"v.1, sh. 35",43,Sanborn-Perris Map Co,Denver,Denver Co., Colorado, v.1,sh. 35,1890Insurance maps of Denver,1890,New York,"Sanborn-Perris Map Co., 1890","1 map on 43 sheets : col. ; sheets 68 x 92 cm., folded in half and bound",Scale [ca. 1:600] 50 ft. to an inch,Denver,Fire insurance,"Shows building construction by hand coloring, locations of windows and doors, and available water facilities.Shows factories, commercial and religious occupancy of buildings, dwellings with property boundaries and house and block numbers.Sheets are numbered 1-41; title page, key map, and index to sheets are on two unnumbered sheets.1890.Historical maps of neighborhoods, detailed at the block and building level, showing residential, commercial, and industrial uses of site, building footprints, potential environmental hazards, and construction details of structures.Includes notes on population, water facilities, fire department, and prevailing winds.Microfilm edition known as: Sanborn fire insurance maps. Colorado.",This project was funded in part through a Library Services and Technology Act (LSTA) grant administered by the Colorado State Library and in part by the Friends of the Libraries,https://rightsstatements.org/page/NoC-NC/1.0/?language=en,http://libraries.colorado.edu/search/o?SEARCH=72485522,"Map Library, University Libraries, University of Colorado at Boulder",Discovering Colorado Story by Story: The Sanborn Fire Insurance Maps Collection,https://cudl.colorado.edu//luna/servlet/detail/UCBOULDERCB1~21~21~89512~108753,https://cudl.colorado.edu/MediaManager/srvr?mediafile=/Size0/UCBOULDERCB1-21-NA/1307/den90035.jpg
den90036.tif,80967657,"v.1, sh. 36",43,Sanborn-Perris Map Co,Denver,Denver Co., Colorado, v.1,sh. 36,1890Insurance maps of Denver,1890,New York,"Sanborn-Perris Map Co., 1890","1 map on 43 sheets : col. ; sheets 68 x 92 cm., folded in half and bound",Scale [ca. 1:600] 50 ft. to an inch,Denver,Fire insurance,"Shows building construction by hand coloring, locations of windows and doors, and available water facilities.Shows factories, commercial and religious occupancy of buildings, dwellings with property boundaries and house and block numbers.Sheets are numbered 1-41; title page, key map, and index to sheets are on two unnumbered sheets.1890.Historical maps of neighborhoods, detailed at the block and building level, showing residential, commercial, and industrial uses of site, building footprints, potential environmental hazards, and construction details of structures.Includes notes on population, water facilities, fire department, and prevailing winds.Microfilm edition known as: Sanborn fire insurance maps. Colorado.",This project was funded in part through a Library Services and Technology Act (LSTA) grant administered by the Colorado State Library and in part by the Friends of the Libraries,https://rightsstatements.org/page/NoC-NC/1.0/?language=en,http://libraries.colorado.edu/search/o?SEARCH=72485522,"Map Library, University Libraries, University of Colorado at Boulder",Discovering Colorado Story by Story: The Sanborn Fire Insurance Maps Collection,https://cudl.colorado.edu//luna/servlet/detail/UCBOULDERCB1~21~21~89532~108754,https://cudl.colorado.edu/MediaManager/srvr?mediafile=/Size0/UCBOULDERCB1-21-NA/1307/den90036.jpg
den90037.tif,80967657,"v.1, sh. 37",43,Sanborn-Perris Map Co,Denver,Denver Co., Colorado, v.1,sh. 37,1890Insurance maps of Denver,1890,New York,"Sanborn-Perris Map Co., 1890","1 map on 43 sheets : col. ; sheets 68 x 92 cm., folded in half and bound",Scale [ca. 1:600] 50 ft. to an inch,Denver,Fire insurance,"Shows building construction by hand coloring, locations of windows and doors, and available water facilities.Shows factories, commercial and religious occupancy of buildings, dwellings with property boundaries and house and block numbers.Sheets are numbered 1-41; title page, key map, and index to sheets are on two unnumbered sheets.1890.Historical maps of neighborhoods, detailed at the block and building level, showing residential, commercial, and industrial uses of site, building footprints, potential environmental hazards, and construction details of structures.Includes notes on population, water facilities, fire department, and prevailing winds.Microfilm edition known as: Sanborn fire insurance maps. Colorado.",This project was funded in part through a Library Services and Technology Act (LSTA) grant administered by the Colorado State Library and in part by the Friends of the Libraries,https://rightsstatements.org/page/NoC-NC/1.0/?language=en,http://libraries.colorado.edu/search/o?SEARCH=72485522,"Map Library, University Libraries, University of Colorado at Boulder",Discovering Colorado Story by Story: The Sanborn Fire Insurance Maps Collection,https://cudl.colorado.edu//luna/servlet/detail/UCBOULDERCB1~21~21~89552~108755,https://cudl.colorado.edu/MediaManager/srvr?mediafile=/Size0/UCBOULDERCB1-21-NA/1307/den90037.jpg
den90002.tif,80967657,"v.1, sh. 2",43,Sanborn-Perris Map Co,Denver,Denver Co., Colorado, v.1,sh. 2,1890Insurance maps of Denver,1890,New York,"Sanborn-Perris Map Co., 1890","1 map on 43 sheets : col. ; sheets 68 x 92 cm., folded in half and bound",Scale [ca. 1:600] 50 ft. to an inch,Denver,Fire insurance,"Shows building construction by hand coloring, locations of windows and doors, and available water facilities.Shows factories, commercial and religious occupancy of buildings, dwellings with property boundaries and house and block numbers.Sheets are numbered 1-41; title page, key map, and index to sheets are on two unnumbered sheets.1890.Historical maps of neighborhoods, detailed at the block and building level, showing residential, commercial, and industrial uses of site, building footprints, potential environmental hazards, and construction details of structures.Includes notes on population, water facilities, fire department, and prevailing winds.Microfilm edition known as: Sanborn fire insurance maps. Colorado.",This project was funded in part through a Library Services and Technology Act (LSTA) grant administered by the Colorado State Library and in part by the Friends of the Libraries,https://rightsstatements.org/page/NoC-NC/1.0/?language=en,http://libraries.colorado.edu/search/o?SEARCH=72485522,"Map Library, University Libraries, University of Colorado at Boulder",Discovering Colorado Story by Story: The Sanborn Fire Insurance Maps Collection,https://cudl.colorado.edu//luna/servlet/detail/UCBOULDERCB1~21~21~89712~108614,https://cudl.colorado.edu/MediaManager/srvr?mediafile=/Size0/UCBOULDERCB1-21-NA/1247/den90002.jpg
den90038.tif,80967657,"v.1, sh. 38",43,Sanborn-Perris Map Co,Denver,Denver Co., Colorado, v.1,sh. 38,1890Insurance maps of Denver,1890,New York,"Sanborn-Perris Map Co., 1890","1 map on 43 sheets : col. ; sheets 68 x 92 cm., folded in half and bound",Scale [ca. 1:600] 50 ft. to an inch,Denver,Fire insurance,"Shows building construction by hand coloring, locations of windows and doors, and available water facilities.Shows factories, commercial and religious occupancy of buildings, dwellings with property boundaries and house and block numbers.Sheets are numbered 1-41; title page, key map, and index to sheets are on two unnumbered sheets.1890.Historical maps of neighborhoods, detailed at the block and building level, showing residential, commercial, and industrial uses of site, building footprints, potential environmental hazards, and construction details of structures.Includes notes on population, water facilities, fire department, and prevailing winds.Microfilm edition known as: Sanborn fire insurance maps. Colorado.",This project was funded in part through a Library Services and Technology Act (LSTA) grant administered by the Colorado State Library and in part by the Friends of the Libraries,https://rightsstatements.org/page/NoC-NC/1.0/?language=en,http://libraries.colorado.edu/search/o?SEARCH=72485522,"Map Library, University Libraries, University of Colorado at Boulder",Discovering Colorado Story by Story: The Sanborn Fire Insurance Maps Collection,https://cudl.colorado.edu//luna/servlet/detail/UCBOULDERCB1~21~21~89572~108756,https://cudl.colorado.edu/MediaManager/srvr?mediafile=/Size0/UCBOULDERCB1-21-NA/1307/den90038.jpg
den90039.tif,80967657,"v.1, sh. 39",43,Sanborn-Perris Map Co,Denver,Denver Co., Colorado, v.1,sh. 39,1890Insurance maps of Denver,1890,New York,"Sanborn-Perris Map Co., 1890","1 map on 43 sheets : col. ; sheets 68 x 92 cm., folded in half and bound",Scale [ca. 1:600] 50 ft. to an inch,Denver,Fire insurance,"Shows building construction by hand coloring, locations of windows and doors, and available water facilities.Shows factories, commercial and religious occupancy of buildings, dwellings with property boundaries and house and block numbers.Sheets are numbered 1-41; title page, key map, and index to sheets are on two unnumbered sheets.1890.Historical maps of neighborhoods, detailed at the block and building level, showing residential, commercial, and industrial uses of site, building footprints, potential environmental hazards, and construction details of structures.Includes notes on population, water facilities, fire department, and prevailing winds.Microfilm edition known as: Sanborn fire insurance maps. Colorado.",This project was funded in part through a Library Services and Technology Act (LSTA) grant administered by the Colorado State Library and in part by the Friends of the Libraries,https://rightsstatements.org/page/NoC-NC/1.0/?language=en,http://libraries.colorado.edu/search/o?SEARCH=72485522,"Map Library, University Libraries, University of Colorado at Boulder",Discovering Colorado Story by Story: The Sanborn Fire Insurance Maps Collection,https://cudl.colorado.edu//luna/servlet/detail/UCBOULDERCB1~21~21~89592~108757,https://cudl.colorado.edu/MediaManager/srvr?mediafile=/Size0/UCBOULDERCB1-21-NA/1307/den90039.jpg
den90040.tif,80967657,"v.1, sh. 40",43,Sanborn-Perris Map Co,Denver,Denver Co., Colorado, v.1,sh. 40,1890Insurance maps of Denver,1890,New York,"Sanborn-Perris Map Co., 1890","1 map on 43 sheets : col. ; sheets 68 x 92 cm., folded in half and bound",Scale [ca. 1:600] 50 ft. to an inch,Denver,Fire insurance,"Shows building construction by hand coloring, locations of windows and doors, and available water facilities.Shows factories, commercial and religious occupancy of buildings, dwellings with property boundaries and house and block numbers.Sheets are numbered 1-41; title page, key map, and index to sheets are on two unnumbered sheets.1890.Historical maps of neighborhoods, detailed at the block and building level, showing residential, commercial, and industrial uses of site, building footprints, potential environmental hazards, and construction details of structures.Includes notes on population, water facilities, fire department, and prevailing winds.Microfilm edition known as: Sanborn fire insurance maps. Colorado.",This project was funded in part through a Library Services and Technology Act (LSTA) grant administered by the Colorado State Library and in part by the Friends of the Libraries,https://rightsstatements.org/page/NoC-NC/1.0/?language=en,http://libraries.colorado.edu/search/o?SEARCH=72485522,"Map Library, University Libraries, University of Colorado at Boulder",Discovering Colorado Story by Story: The Sanborn Fire Insurance Maps Collection,https://cudl.colorado.edu//luna/servlet/detail/UCBOULDERCB1~21~21~89612~108758,https://cudl.colorado.edu/MediaManager/srvr?mediafile=/Size0/UCBOULDERCB1-21-NA/1307/den90040.jpg
den90041.tif,80967657,"v.1, sh. 41",43,Sanborn-Perris Map Co,Denver,Denver Co., Colorado, v.1,sh. 41,1890Insurance maps of Denver,1890,New York,"Sanborn-Perris Map Co., 1890","1 map on 43 sheets : col. ; sheets 68 x 92 cm., folded in half and bound",Scale [ca. 1:600] 50 ft. to an inch,Denver,Fire insurance,"Shows building construction by hand coloring, locations of windows and doors, and available water facilities.Shows factories, commercial and religious occupancy of buildings, dwellings with property boundaries and house and block numbers.Sheets are numbered 1-41; title page, key map, and index to sheets are on two unnumbered sheets.1890.Historical maps of neighborhoods, detailed at the block and building level, showing residential, commercial, and industrial uses of site, building footprints, potential environmental hazards, and construction details of structures.Includes notes on population, water facilities, fire department, and prevailing winds.Microfilm edition known as: Sanborn fire insurance maps. Colorado.",This project was funded in part through a Library Services and Technology Act (LSTA) grant administered by the Colorado State Library and in part by the Friends of the Libraries,https://rightsstatements.org/page/NoC-NC/1.0/?language=en,http://libraries.colorado.edu/search/o?SEARCH=72485522,"Map Library, University Libraries, University of Colorado at Boulder",Discovering Colorado Story by Story: The Sanborn Fire Insurance Maps Collection,https://cudl.colorado.edu//luna/servlet/detail/UCBOULDERCB1~21~21~89632~108759,https://cudl.colorado.edu/MediaManager/srvr?mediafile=/Size0/UCBOULDERCB1-21-NA/1307/den90041.jpg
den90003.tif,80967657,"v.1, sh. 3",43,Sanborn-Perris Map Co,Denver,Denver Co., Colorado, v.1,sh. 3,1890Insurance maps of Denver,1890,New York,"Sanborn-Perris Map Co., 1890","1 map on 43 sheets : col. ; sheets 68 x 92 cm., folded in half and bound",Scale [ca. 1:600] 50 ft. to an inch,Denver,Fire insurance,"Shows building construction by hand coloring, locations of windows and doors, and available water facilities.Shows factories, commercial and religious occupancy of buildings, dwellings with property boundaries and house and block numbers.Sheets are numbered 1-41; title page, key map, and index to sheets are on two unnumbered sheets.1890.Historical maps of neighborhoods, detailed at the block and building level, showing residential, commercial, and industrial uses of site, building footprints, potential environmental hazards, and construction details of structures.Includes notes on population, water facilities, fire department, and prevailing winds.Microfilm edition known as: Sanborn fire insurance maps. Colorado.",This project was funded in part through a Library Services and Technology Act (LSTA) grant administered by the Colorado State Library and in part by the Friends of the Libraries,https://rightsstatements.org/page/NoC-NC/1.0/?language=en,http://libraries.colorado.edu/search/o?SEARCH=72485522,"Map Library, University Libraries, University of Colorado at Boulder",Discovering Colorado Story by Story: The Sanborn Fire Insurance Maps Collection,https://cudl.colorado.edu//luna/servlet/detail/UCBOULDERCB1~21~21~88872~108616,https://cudl.colorado.edu/MediaManager/srvr?mediafile=/Size0/UCBOULDERCB1-21-NA/1247/den90003.jpg
den90004.tif,80967657,"v.1, sh. 4",43,Sanborn-Perris Map Co,Denver,Denver Co., Colorado, v.1,sh. 4,1890Insurance maps of Denver,1890,New York,"Sanborn-Perris Map Co., 1890","1 map on 43 sheets : col. ; sheets 68 x 92 cm., folded in half and bound",Scale [ca. 1:600] 50 ft. to an inch,Denver,Fire insurance,"Shows building construction by hand coloring, locations of windows and doors, and available water facilities.Shows factories, commercial and religious occupancy of buildings, dwellings with property boundaries and house and block numbers.Sheets are numbered 1-41; title page, key map, and index to sheets are on two unnumbered sheets.1890.Includes notes on population, water facilities, fire department, and prevailing winds.Microfilm edition known as: Sanborn fire insurance maps. Colorado.",This project was funded in part through a Library Services and Technology Act (LSTA) grant administered by the Colorado State Library and in part by the Friends of the Libraries,https://rightsstatements.org/page/NoC-NC/1.0/?language=en,http://libraries.colorado.edu/search/o?SEARCH=72485522,"Map Library, University Libraries, University of Colorado at Boulder",Discovering Colorado Story by Story: The Sanborn Fire Insurance Maps Collection,https://cudl.colorado.edu//luna/servlet/detail/UCBOULDERCB1~21~21~109380~108624,https://cudl.colorado.edu/MediaManager/srvr?mediafile=/Size0/UCBOULDERCB1-21-NA/1248/den90004.jpg
den90005.tif,80967657,"v.1, sh. 5",43,Sanborn-Perris Map Co,Denver,Denver Co., Colorado, v.1,sh. 5,1890Insurance maps of Denver,1890,New York,"Sanborn-Perris Map Co., 1890","1 map on 43 sheets : col. ; sheets 68 x 92 cm., folded in half and bound",Scale [ca. 1:600] 50 ft. to an inch,Denver,Fire insurance,"Shows building construction by hand coloring, locations of windows and doors, and available water facilities.Shows factories, commercial and religious occupancy of buildings, dwellings with property boundaries and house and block numbers.Sheets are numbered 1-41; title page, key map, and index to sheets are on two unnumbered sheets.1890.Historical maps of neighborhoods, detailed at the block and building level, showing residential, commercial, and industrial uses of site, building footprints, potential environmental hazards, and construction details of structures.Includes notes on population, water facilities, fire department, and prevailing winds.Microfilm edition known as: Sanborn fire insurance maps. Colorado.",This project was funded in part through a Library Services and Technology Act (LSTA) grant administered by the Colorado State Library and in part by the Friends of the Libraries,https://rightsstatements.org/page/NoC-NC/1.0/?language=en,http://libraries.colorado.edu/search/o?SEARCH=72485522,"Map Library, University Libraries, University of Colorado at Boulder",Discovering Colorado Story by Story: The Sanborn Fire Insurance Maps Collection,https://cudl.colorado.edu//luna/servlet/detail/UCBOULDERCB1~21~21~88912~108618,https://cudl.colorado.edu/MediaManager/srvr?mediafile=/Size0/UCBOULDERCB1-21-NA/1247/den90005.jpg
den90006.tif,80967657,"v.1, sh. 6",43,Sanborn-Perris Map Co,Denver,Denver Co., Colorado, v.1,sh. 6,1890Insurance maps of Denver,1890,New York,"Sanborn-Perris Map Co., 1890","1 map on 43 sheets : col. ; sheets 68 x 92 cm., folded in half and bound",Scale [ca. 1:600] 50 ft. to an inch,Denver,Fire insurance,"Shows building construction by hand coloring, locations of windows and doors, and available water facilities.Shows factories, commercial and religious occupancy of buildings, dwellings with property boundaries and house and block numbers.Sheets are numbered 1-41; title page, key map, and index to sheets are on two unnumbered sheets.1890.Historical maps of neighborhoods, detailed at the block and building level, showing residential, commercial, and industrial uses of site, building footprints, potential environmental hazards, and construction details of structures.Includes notes on population, water facilities, fire department, and prevailing winds.Microfilm edition known as: Sanborn fire insurance maps. Colorado.",This project was funded in part through a Library Services and Technology Act (LSTA) grant administered by the Colorado State Library and in part by the Friends of the Libraries,https://rightsstatements.org/page/NoC-NC/1.0/?language=en,http://libraries.colorado.edu/search/o?SEARCH=72485522,"Map Library, University Libraries, University of Colorado at Boulder",Discovering Colorado Story by Story: The Sanborn Fire Insurance Maps Collection,https://cudl.colorado.edu//luna/servlet/detail/UCBOULDERCB1~21~21~88932~108631,https://cudl.colorado.edu/MediaManager/srvr?mediafile=/Size0/UCBOULDERCB1-21-NA/1250/den90006.jpg
den90007.tif,80967657,"v.1, sh. 7",43,Sanborn-Perris Map Co,Denver,Denver Co., Colorado, v.1,sh. 7,1890Insurance maps of Denver,1890,New York,"Sanborn-Perris Map Co., 1890","1 map on 43 sheets : col. ; sheets 68 x 92 cm., folded in half and bound",Scale [ca. 1:600] 50 ft. to an inch,Denver,Fire insurance,"Shows building construction by hand coloring, locations of windows and doors, and available water facilities.Shows factories, commercial and religious occupancy of buildings, dwellings with property boundaries and house and block numbers.Sheets are numbered 1-41; title page, key map, and index to sheets are on two unnumbered sheets.1890.Historical maps of neighborhoods, detailed at the block and building level, showing residential, commercial, and industrial uses of site, building footprints, potential environmental hazards, and construction details of structures.Includes notes on population, water facilities, fire department, and prevailing winds.Microfilm edition known as: Sanborn fire insurance maps. Colorado.",This project was funded in part through a Library Services and Technology Act (LSTA) grant administered by the Colorado State Library and in part by the Friends of the Libraries,https://rightsstatements.org/page/NoC-NC/1.0/?language=en,http://libraries.colorado.edu/search/o?SEARCH=72485522,"Map Library, University Libraries, University of Colorado at Boulder",Discovering Colorado Story by Story: The Sanborn Fire Insurance Maps Collection,https://cudl.colorado.edu//luna/servlet/detail/UCBOULDERCB1~21~21~88952~108645,https://cudl.colorado.edu/MediaManager/srvr?mediafile=/Size0/UCBOULDERCB1-21-NA/1258/den90007.jpg
